insert into TipoEmpleado (Detalle, Salario) values ('Cajero', '$495.07');
insert into TipoEmpleado (Detalle, Salario) values ('Mensajero', '$466.91');
insert into TipoEmpleado (Detalle, Salario) values ('Vendedor', '$507.35');
insert into TipoEmpleado (Detalle, Salario) values ('ServicioCliente', '$515.89');


insert into Empleado (fkTipoEmpleado, FechaContratacion, Foto, Email) values (1, '2018-02-26 07:20:49', 'http://dummyimage.com/134x226.bmp/5fa2dd/ffffff', 'dpuve0@gnu.org');
insert into Empleado (fkTipoEmpleado, FechaContratacion, Foto, Email) values (3, '2018-07-02 16:14:06', 'http://dummyimage.com/116x145.jpg/cc0000/ffffff', 'tlewsy1@theglobeandmail.com');
insert into Empleado (fkTipoEmpleado, FechaContratacion, Foto, Email) values (4, '2019-01-16 09:38:20', 'http://dummyimage.com/134x169.png/cc0000/ffffff', 'hfoottit2@bloomberg.com');
insert into Empleado (fkTipoEmpleado, FechaContratacion, Foto, Email) values (4, '2019-06-30 09:20:27', 'http://dummyimage.com/105x146.bmp/cc0000/ffffff', 'cjermyn3@amazonaws.com');
insert into Empleado (fkTipoEmpleado, FechaContratacion, Foto, Email) values (2, '2018-10-03 08:39:39', 'http://dummyimage.com/162x105.bmp/cc0000/ffffff', 'dlarver4@tmall.com');
insert into Empleado (fkTipoEmpleado, FechaContratacion, Foto, Email) values (2, '2019-05-14 17:46:45', 'http://dummyimage.com/204x141.jpg/5fa2dd/ffffff', 'jcharter5@privacy.gov.au');
insert into Empleado (fkTipoEmpleado, FechaContratacion, Foto, Email) values (4, '2019-01-06 15:15:18', 'http://dummyimage.com/221x190.bmp/cc0000/ffffff', 'awinspire6@auda.org.au');
insert into Empleado (fkTipoEmpleado, FechaContratacion, Foto, Email) values (4, '2018-08-22 08:34:35', 'http://dummyimage.com/151x124.png/cc0000/ffffff', 'swilsee7@barnesandnoble.com');
insert into Empleado (fkTipoEmpleado, FechaContratacion, Foto, Email) values (2, '2019-04-20 05:12:31', 'http://dummyimage.com/129x144.png/dddddd/000000', 'bcohen8@fda.gov');
insert into Empleado (fkTipoEmpleado, FechaContratacion, Foto, Email) values (2, '2018-08-10 03:02:13', 'http://dummyimage.com/232x186.bmp/dddddd/000000', 'ccobbledick9@discuz.net');
insert into Empleado (fkTipoEmpleado, FechaContratacion, Foto, Email) values (2, '2018-08-30 16:44:10', 'http://dummyimage.com/147x207.png/ff4444/ffffff', 'spiddlehinton0@ftc.gov');
insert into Empleado (fkTipoEmpleado, FechaContratacion, Foto, Email) values (2, '2019-03-23 14:31:38', 'http://dummyimage.com/245x127.png/5fa2dd/ffffff', 'bpauwel1@java.com');
insert into Empleado (fkTipoEmpleado, FechaContratacion, Foto, Email) values (2, '2018-11-13 17:03:05', 'http://dummyimage.com/114x100.jpg/ff4444/ffffff', 'abraund2@jugem.jp');
insert into Empleado (fkTipoEmpleado, FechaContratacion, Foto, Email) values (4, '2019-05-24 02:31:18', 'http://dummyimage.com/229x105.bmp/dddddd/000000', 'ncardinal3@tiny.cc');
insert into Empleado (fkTipoEmpleado, FechaContratacion, Foto, Email) values (4, '2019-06-18 02:23:24', 'http://dummyimage.com/182x209.bmp/ff4444/ffffff', 'yboswell4@bloglines.com');
insert into Empleado (fkTipoEmpleado, FechaContratacion, Foto, Email) values (3, '2018-03-27 07:58:21', 'http://dummyimage.com/192x123.jpg/ff4444/ffffff', 'mucchino5@hubpages.com');
insert into Empleado (fkTipoEmpleado, FechaContratacion, Foto, Email) values (4, '2019-06-14 02:58:54', 'http://dummyimage.com/132x162.png/cc0000/ffffff', 'brillstone6@wunderground.com');
insert into Empleado (fkTipoEmpleado, FechaContratacion, Foto, Email) values (3, '2019-01-26 16:09:11', 'http://dummyimage.com/196x233.png/5fa2dd/ffffff', 'mlonghi7@hao123.com');
insert into Empleado (fkTipoEmpleado, FechaContratacion, Foto, Email) values (2, '2019-05-30 19:17:59', 'http://dummyimage.com/230x123.bmp/dddddd/000000', 'mroden8@tmall.com');
insert into Empleado (fkTipoEmpleado, FechaContratacion, Foto, Email) values (3, '2017-07-30 20:17:37', 'http://dummyimage.com/191x103.jpg/cc0000/ffffff', 'kmorecombe9@xing.com');

insert into Cuenta (fkEmpleado, Password) values (1, 't5HeUcdWPo');
insert into Cuenta (fkEmpleado, Password) values (2, '5VFhsxFu');
insert into Cuenta (fkEmpleado, Password) values (3, 'rTew1ppiL6');
insert into Cuenta (fkEmpleado, Password) values (4, 'HyjQ2gbpnjBO');
insert into Cuenta (fkEmpleado, Password) values (5, 'KnT293');
insert into Cuenta (fkEmpleado, Password) values (6, 'sRK2ACF7');
insert into Cuenta (fkEmpleado, Password) values (7, 'pg1S2j5');
insert into Cuenta (fkEmpleado, Password) values (8, 'YmJJPNhoj');
insert into Cuenta (fkEmpleado, Password) values (9, 'dyOoVFZ');
insert into Cuenta (fkEmpleado, Password) values (10, 'k9lVaz');
insert into Cuenta (fkEmpleado, Password) values (11, 'e4SWBHxGE8X');
insert into Cuenta (fkEmpleado, Password) values (12, 'ZyfvwtZ');
insert into Cuenta (fkEmpleado, Password) values (13, 'Wy2rNuhOUG');
insert into Cuenta (fkEmpleado, Password) values (14, 'vTUGtwnKLkJ1');
insert into Cuenta (fkEmpleado, Password) values (15, 'J8aVXlJ8YDF');
insert into Cuenta (fkEmpleado, Password) values (16, 'iysnDDjMHgP');
insert into Cuenta (fkEmpleado, Password) values (17, 'IIgJRPDDGfR');
insert into Cuenta (fkEmpleado, Password) values (18, 'DSkV4KPI');
insert into Cuenta (fkEmpleado, Password) values (19, 'dlE7RO');
insert into Cuenta (fkEmpleado, Password) values (20, 'AbdCbCT');

insert into TipoProducto (Detalle) values ('Armario');
insert into TipoProducto (Detalle) values ('Alacena');
insert into TipoProducto (Detalle) values ('Cama');
insert into TipoProducto (Detalle) values ('Escritorio');
insert into TipoProducto (Detalle) values ('Libreria');
insert into TipoProducto (Detalle) values ('Comoda');
insert into TipoProducto (Detalle) values ('Otros');
insert into TipoProducto (Detalle) values ('Hand Sanitizer');
insert into TipoProducto (Detalle) values ('Mapap');
insert into TipoProducto (Detalle) values ('Fleet');
insert into TipoProducto (Detalle) values ('EXCEL SPF 30');
insert into TipoProducto (Detalle) values ('CPDA-1');
insert into TipoProducto (Detalle) values ('Diarrhea');
insert into TipoProducto (Detalle) values ('Propranolol Hydrochloride');
insert into TipoProducto (Detalle) values ('Catapres');
insert into TipoProducto (Detalle) values ('CellCept');
insert into TipoProducto (Detalle) values ('sumatriptan succinate');
insert into TipoProducto (Detalle) values ('BERRY BABY LIP BALM RED BERRY');
insert into TipoProducto (Detalle) values ('Anastrozole');
insert into TipoProducto (Detalle) values ('BUPROPION');

insert into Producto (fkTipoProducto, Detalle) values (17, 'Endosc dil pancreat duct');
insert into Producto (fkTipoProducto, Detalle) values (3, 'Anal sphincterotomy NEC');
insert into Producto (fkTipoProducto, Detalle) values (3, 'Rectocele repair');
insert into Producto (fkTipoProducto, Detalle) values (13, 'Shoulder joint biopsy');
insert into Producto (fkTipoProducto, Detalle) values (16, 'Aspiration skin & subq');
insert into Producto (fkTipoProducto, Detalle) values (2, 'Spleen transplantation');
insert into Producto (fkTipoProducto, Detalle) values (7, 'Rubella vaccination');
insert into Producto (fkTipoProducto, Detalle) values (12, 'Head/neck vessel excis');
insert into Producto (fkTipoProducto, Detalle) values (2, 'Speech defect training');
insert into Producto (fkTipoProducto, Detalle) values (15, 'Closed biopsy of tongue');
insert into Producto (fkTipoProducto, Detalle) values (17, 'Hip structure division');
insert into Producto (fkTipoProducto, Detalle) values (18, 'Vessel resect/replac NOS');
insert into Producto (fkTipoProducto, Detalle) values (15, 'Other control gast hem');
insert into Producto (fkTipoProducto, Detalle) values (4, 'Hepatic duct-gi anastom');
insert into Producto (fkTipoProducto, Detalle) values (14, 'Ins spinal fusion device');
insert into Producto (fkTipoProducto, Detalle) values (1, 'Cystocele repair');
insert into Producto (fkTipoProducto, Detalle) values (4, 'Subconvulsive est');
insert into Producto (fkTipoProducto, Detalle) values (9, 'Bronch/trach lavage NEC');
insert into Producto (fkTipoProducto, Detalle) values (12, 'Lingual thyroid excision');
insert into Producto (fkTipoProducto, Detalle) values (7, 'Other plastic ops fascia');
insert into Producto (fkTipoProducto, Detalle) values (14, 'Joint biopsy NEC');
insert into Producto (fkTipoProducto, Detalle) values (17, 'Joint biopsy NEC');
insert into Producto (fkTipoProducto, Detalle) values (10, 'BBBD via infusion');
insert into Producto (fkTipoProducto, Detalle) values (18, 'Replace indwelling cath');
insert into Producto (fkTipoProducto, Detalle) values (20, 'Classical c-section');
insert into Producto (fkTipoProducto, Detalle) values (14, 'Graft conjunc cul-de-sac');
insert into Producto (fkTipoProducto, Detalle) values (6, 'Tympanic injection');
insert into Producto (fkTipoProducto, Detalle) values (16, 'Orthotic device fitting');
insert into Producto (fkTipoProducto, Detalle) values (11, 'Incision of aorta');
insert into Producto (fkTipoProducto, Detalle) values (3, 'Endosc dilation ampulla');
insert into Producto (fkTipoProducto, Detalle) values (17, 'Intraoper cholangiogram');
insert into Producto (fkTipoProducto, Detalle) values (18, 'Open ureteral biopsy');
insert into Producto (fkTipoProducto, Detalle) values (16, 'Suprapubic prostatectomy');
insert into Producto (fkTipoProducto, Detalle) values (9, 'Substern thyroidect NOS');
insert into Producto (fkTipoProducto, Detalle) values (9, 'Dental operation NEC');
insert into Producto (fkTipoProducto, Detalle) values (11, 'Percutan bladder aspirat');
insert into Producto (fkTipoProducto, Detalle) values (7, 'Nasal lesion excis NOS');
insert into Producto (fkTipoProducto, Detalle) values (20, 'Cl fx reduc-int fix NEC');
insert into Producto (fkTipoProducto, Detalle) values (6, 'Dx procedure thorax NEC');

insert into Sucursal (NumeroSucursal, Ubicacion) values (1, 'POLYGON((55 -25, 65 -25, 65 -35, 55 -35, 55 -25))');
insert into Sucursal (NumeroSucursal, Ubicacion) values (2, 'POLYGON((100 -55, 110 -55, 110 -65, 100 -65, 100 -55))');
insert into Sucursal (NumeroSucursal, Ubicacion) values (3, 'POLYGON((45 -75, 55 -75, 55 -85, 45 -85, 45 -75))');

insert into TelefonoXSucursal (fkSucursal, Detalle, Numero) values (3, 'LS', '805-652-5318');
insert into TelefonoXSucursal (fkSucursal, Detalle, Numero) values (3, 'CN', '312-706-1397');
insert into TelefonoXSucursal (fkSucursal, Detalle, Numero) values (1, 'PT', '672-186-8510');
insert into TelefonoXSucursal (fkSucursal, Detalle, Numero) values (2, 'PT', '837-149-4751');
insert into TelefonoXSucursal (fkSucursal, Detalle, Numero) values (3, 'ID', '674-827-0323');
insert into TelefonoXSucursal (fkSucursal, Detalle, Numero) values (1, 'ID', '718-209-7824');
insert into TelefonoXSucursal (fkSucursal, Detalle, Numero) values (1, 'BY', '675-696-8431');
insert into TelefonoXSucursal (fkSucursal, Detalle, Numero) values (1, 'JP', '184-876-0708');
insert into TelefonoXSucursal (fkSucursal, Detalle, Numero) values (1, 'HR', '683-310-2785');
insert into TelefonoXSucursal (fkSucursal, Detalle, Numero) values (1, 'YT', '221-883-5737');


insert into Cliente (Nombre, FechaCumpleannos, Ubicacion) values ('Stanislas', '1995-11-10 02:16:04', 'POLYGON((5 -70, 10 -70, 10 -75, 5 -75, 5 -70))');
insert into Cliente (Nombre, FechaCumpleannos, Ubicacion) values ('Al', '1998-12-15 17:47:33', 'POLYGON((10 -30, 15 -30, 15 -35, 10 -35, 10 -30))');
insert into Cliente (Nombre, FechaCumpleannos, Ubicacion) values ('Duane', '1996-07-21 07:12:46', 'POLYGON((25 -50, 30 -50, 30 -55, 25 -55, 25 -50))');
insert into Cliente (Nombre, FechaCumpleannos, Ubicacion) values ('Ida', '1997-11-11 01:55:32', 'POLYGON((55 -45, 60 -45, 60 -50, 55 -50, 55 -45))');
insert into Cliente (Nombre, FechaCumpleannos, Ubicacion) values ('Pam', '2000-03-29 11:46:10', 'POLYGON((65 -80, 70 -80, 70 -85, 65 -85, 65 -80))');
insert into Cliente (Nombre, FechaCumpleannos, Ubicacion) values ('Kimmy', '1997-09-27 17:46:00', 'POLYGON((75 -15, 80 -15, 80 -20, 75 -20, 75 -15))');
insert into Cliente (Nombre, FechaCumpleannos, Ubicacion) values ('Arther', '1997-04-01 01:35:56', 'POLYGON((75 -60, 80 -60, 80 -65, 75 -65, 75 -60))');
insert into Cliente (Nombre, FechaCumpleannos, Ubicacion) values ('Christopher', '1996-08-13 14:12:58', 'POLYGON((90 -35, 95 -35, 95 -40, 90 -40, 90 -35))');
insert into Cliente (Nombre, FechaCumpleannos, Ubicacion) values ('Philippe', '1998-05-15 08:29:02','POLYGON((110 -30, 115 -30, 115 -35, 110 -35, 110 -30))');
insert into Cliente (Nombre, FechaCumpleannos, Ubicacion) values ('Cesar', '1997-11-08 15:50:08', 'POLYGON((110 -75, 115 -75, 115 -80, 110 -80, 110 -75))');


insert into TelefonoXCliente (fkCliente, Numero, Detalle) values (4, '396-795-3968', 'BRL');
insert into TelefonoXCliente (fkCliente, Numero, Detalle) values (6, '604-873-4854', 'XOF');
insert into TelefonoXCliente (fkCliente, Numero, Detalle) values (4, '390-596-5885', 'EUR');
insert into TelefonoXCliente (fkCliente, Numero, Detalle) values (5, '208-123-9823', 'MXN');
insert into TelefonoXCliente (fkCliente, Numero, Detalle) values (8, '133-124-5366', 'EUR');
insert into TelefonoXCliente (fkCliente, Numero, Detalle) values (2, '927-960-6808', 'BOB');
insert into TelefonoXCliente (fkCliente, Numero, Detalle) values (6, '547-689-6070', 'RUB');
insert into TelefonoXCliente (fkCliente, Numero, Detalle) values (7, '842-439-6705', 'TJS');
insert into TelefonoXCliente (fkCliente, Numero, Detalle) values (5, '797-869-3510', 'MKD');
insert into TelefonoXCliente (fkCliente, Numero, Detalle) values (8, '460-329-3403', 'IDR');
insert into TelefonoXCliente (fkCliente, Numero, Detalle) values (6, '239-598-5956', 'EUR');
insert into TelefonoXCliente (fkCliente, Numero, Detalle) values (9, '959-963-8812', 'EUR');
insert into TelefonoXCliente (fkCliente, Numero, Detalle) values (10, '816-564-1494', 'COP');
insert into TelefonoXCliente (fkCliente, Numero, Detalle) values (1, '495-653-2300', 'CNY');
insert into TelefonoXCliente (fkCliente, Numero, Detalle) values (4, '456-168-3035', 'CRC');
insert into TelefonoXCliente (fkCliente, Numero, Detalle) values (9, '718-552-5989', 'CNY');
insert into TelefonoXCliente (fkCliente, Numero, Detalle) values (2, '593-515-1506', 'BRL');
insert into TelefonoXCliente (fkCliente, Numero, Detalle) values (4, '800-178-7569', 'BYR');
insert into TelefonoXCliente (fkCliente, Numero, Detalle) values (9, '579-118-0448', 'MXN');

insert into CuentaCliente (fkCliente, Email, CPassword, RecibirInfo) values (10, 'ccrock0@blog.com','CM33VN6cSZO',1);
insert into CuentaCliente (fkCliente, Email, CPassword, RecibirInfo) values (9, 'wtrudgion1@apple.com','ui9dSH06',1);
insert into CuentaCliente (fkCliente, Email, CPassword, RecibirInfo ) values (8, 'dlanahan2@deliciousdays.com','myZahb',1);
insert into CuentaCliente (fkCliente, Email, CPassword, RecibirInfo) values (4, 'wmountstephen3@auda.org.au','IDDafFT',1);
insert into CuentaCliente (fkCliente, Email, CPassword, RecibirInfo) values (6, 'cnellis4@paginegialle.it','ykf7TpODW',1);

insert into MetodoPago (Detalle) values ('Efectivo');
insert into MetodoPago (Detalle) values ('TarjetaCredito');
insert into MetodoPago (Detalle) values ('TarjetaDebito');
insert into MetodoPago (Detalle) values ('TransferenciaBancaria');
insert into MetodoPago (Detalle) values ('Sinpe');

insert into EstadoCompra (Detalle) values ('En Proceso');
insert into EstadoCompra (Detalle) values ('RealizadaConExito');
insert into EstadoCompra (Detalle) values ('Cancelado');


insert into LineaFactura (Cantidad, Detalle, Monto) values (4, 'Baby', '$74.43');
insert into LineaFactura (Cantidad, Detalle, Monto) values (1, 'Music', '$74.60');
insert into LineaFactura (Cantidad, Detalle, Monto) values (4, 'Beauty', '$77.09');
insert into LineaFactura (Cantidad, Detalle, Monto) values (7, 'Toys', '$86.02');
insert into LineaFactura (Cantidad, Detalle, Monto) values (6, 'Baby', '$85.12');
insert into LineaFactura (Cantidad, Detalle, Monto) values (3, 'Tools', '$33.16');
insert into LineaFactura (Cantidad, Detalle, Monto) values (4, 'Grocery', '$76.84');
insert into LineaFactura (Cantidad, Detalle, Monto) values (5, 'Games', '$84.27');
insert into LineaFactura (Cantidad, Detalle, Monto) values (5, 'Books', '$83.36');
insert into LineaFactura (Cantidad, Detalle, Monto) values (10, 'Books', '$56.25');
insert into LineaFactura (Cantidad, Detalle, Monto) values (8, 'Toys', '$69.64');
insert into LineaFactura (Cantidad, Detalle, Monto) values (7, 'Outdoors', '$34.62');
insert into LineaFactura (Cantidad, Detalle, Monto) values (10, 'Computers', '$50.05');
insert into LineaFactura (Cantidad, Detalle, Monto) values (3, 'Jewelery', '$62.30');
insert into LineaFactura (Cantidad, Detalle, Monto) values (8, 'Sports', '$9.85');
insert into LineaFactura (Cantidad, Detalle, Monto) values (6, 'Computers', '$60.36');
insert into LineaFactura (Cantidad, Detalle, Monto) values (4, 'Tools', '$91.23');
insert into LineaFactura (Cantidad, Detalle, Monto) values (4, 'Books', '$14.96');
insert into LineaFactura (Cantidad, Detalle, Monto) values (4, 'Health', '$53.39');
insert into LineaFactura (Cantidad, Detalle, Monto) values (10, 'Garden', '$20.78');
insert into LineaFactura (Cantidad, Detalle, Monto) values (5, 'Movies', '$26.53');
insert into LineaFactura (Cantidad, Detalle, Monto) values (10, 'Automotive', '$96.02');
insert into LineaFactura (Cantidad, Detalle, Monto) values (2, 'Kids', '$25.24');
insert into LineaFactura (Cantidad, Detalle, Monto) values (4, 'Jewelery', '$87.97');
insert into LineaFactura (Cantidad, Detalle, Monto) values (9, 'Garden', '$51.70');
insert into LineaFactura (Cantidad, Detalle, Monto) values (1, 'Grocery', '$82.25');
insert into LineaFactura (Cantidad, Detalle, Monto) values (10, 'Computers', '$62.15');
insert into LineaFactura (Cantidad, Detalle, Monto) values (6, 'Outdoors', '$31.16');
insert into LineaFactura (Cantidad, Detalle, Monto) values (5, 'Garden', '$60.75');
insert into LineaFactura (Cantidad, Detalle, Monto) values (6, 'Automotive', '$29.94');
insert into LineaFactura (Cantidad, Detalle, Monto) values (9, 'Music', '$10.15');
insert into LineaFactura (Cantidad, Detalle, Monto) values (5, 'Games', '$43.02');
insert into LineaFactura (Cantidad, Detalle, Monto) values (5, 'Health', '$35.23');
insert into LineaFactura (Cantidad, Detalle, Monto) values (5, 'Sports', '$6.78');
insert into LineaFactura (Cantidad, Detalle, Monto) values (10, 'Toys', '$95.86');
insert into LineaFactura (Cantidad, Detalle, Monto) values (4, 'Garden', '$73.70');
insert into LineaFactura (Cantidad, Detalle, Monto) values (2, 'Clothing', '$57.77');
insert into LineaFactura (Cantidad, Detalle, Monto) values (2, 'Beauty', '$11.67');
insert into LineaFactura (Cantidad, Detalle, Monto) values (7, 'Movies', '$79.77');
insert into LineaFactura (Cantidad, Detalle, Monto) values (9, 'Outdoors', '$51.31');
insert into LineaFactura (Cantidad, Detalle, Monto) values (4, 'Health', '$51.22');
insert into LineaFactura (Cantidad, Detalle, Monto) values (5, 'Jewelery', '$11.39');
insert into LineaFactura (Cantidad, Detalle, Monto) values (2, 'Automotive', '$60.35');
insert into LineaFactura (Cantidad, Detalle, Monto) values (8, 'Industrial', '$64.07');
insert into LineaFactura (Cantidad, Detalle, Monto) values (10, 'Baby', '$29.42');
insert into LineaFactura (Cantidad, Detalle, Monto) values (9, 'Baby', '$24.87');
insert into LineaFactura (Cantidad, Detalle, Monto) values (3, 'Computers', '$6.01');
insert into LineaFactura (Cantidad, Detalle, Monto) values (6, 'Industrial', '$41.57');
insert into LineaFactura (Cantidad, Detalle, Monto) values (5, 'Outdoors', '$67.01');
insert into LineaFactura (Cantidad, Detalle, Monto) values (9, 'Jewelery', '$78.11');
insert into LineaFactura (Cantidad, Detalle, Monto) values (2, 'Computers', '$78.03');
insert into LineaFactura (Cantidad, Detalle, Monto) values (9, 'Clothing', '$81.23');
insert into LineaFactura (Cantidad, Detalle, Monto) values (7, 'Sports', '$49.14');
insert into LineaFactura (Cantidad, Detalle, Monto) values (10, 'Computers', '$17.04');
insert into LineaFactura (Cantidad, Detalle, Monto) values (8, 'Garden', '$93.52');
insert into LineaFactura (Cantidad, Detalle, Monto) values (8, 'Health', '$18.49');
insert into LineaFactura (Cantidad, Detalle, Monto) values (9, 'Home', '$54.97');
insert into LineaFactura (Cantidad, Detalle, Monto) values (5, 'Jewelery', '$42.01');
insert into LineaFactura (Cantidad, Detalle, Monto) values (1, 'Shoes', '$61.21');
insert into LineaFactura (Cantidad, Detalle, Monto) values (7, 'Garden', '$61.55');
insert into LineaFactura (Cantidad, Detalle, Monto) values (1, 'Games', '$37.64');
insert into LineaFactura (Cantidad, Detalle, Monto) values (10, 'Health', '$25.66');
insert into LineaFactura (Cantidad, Detalle, Monto) values (3, 'Books', '$76.02');
insert into LineaFactura (Cantidad, Detalle, Monto) values (4, 'Beauty', '$37.79');
insert into LineaFactura (Cantidad, Detalle, Monto) values (1, 'Shoes', '$84.91');
insert into LineaFactura (Cantidad, Detalle, Monto) values (5, 'Sports', '$21.28');
insert into LineaFactura (Cantidad, Detalle, Monto) values (5, 'Home', '$62.49');
insert into LineaFactura (Cantidad, Detalle, Monto) values (5, 'Outdoors', '$63.39');
insert into LineaFactura (Cantidad, Detalle, Monto) values (9, 'Garden', '$6.36');
insert into LineaFactura (Cantidad, Detalle, Monto) values (2, 'Beauty', '$69.83');
insert into LineaFactura (Cantidad, Detalle, Monto) values (10, 'Grocery', '$5.38');
insert into LineaFactura (Cantidad, Detalle, Monto) values (3, 'Baby', '$34.71');
insert into LineaFactura (Cantidad, Detalle, Monto) values (10, 'Shoes', '$5.36');
insert into LineaFactura (Cantidad, Detalle, Monto) values (7, 'Music', '$74.78');
insert into LineaFactura (Cantidad, Detalle, Monto) values (10, 'Kids', '$36.63');
insert into LineaFactura (Cantidad, Detalle, Monto) values (5, 'Music', '$37.81');
insert into LineaFactura (Cantidad, Detalle, Monto) values (10, 'Outdoors', '$29.44');
insert into LineaFactura (Cantidad, Detalle, Monto) values (6, 'Toys', '$95.69');
insert into LineaFactura (Cantidad, Detalle, Monto) values (1, 'Electronics', '$9.52');
insert into LineaFactura (Cantidad, Detalle, Monto) values (6, 'Tools', '$33.95');
insert into LineaFactura (Cantidad, Detalle, Monto) values (10, 'Outdoors', '$88.57');
insert into LineaFactura (Cantidad, Detalle, Monto) values (8, 'Jewelery', '$87.24');
insert into LineaFactura (Cantidad, Detalle, Monto) values (10, 'Books', '$47.33');
insert into LineaFactura (Cantidad, Detalle, Monto) values (9, 'Beauty', '$91.57');
insert into LineaFactura (Cantidad, Detalle, Monto) values (5, 'Electronics', '$65.84');
insert into LineaFactura (Cantidad, Detalle, Monto) values (4, 'Shoes', '$93.79');
insert into LineaFactura (Cantidad, Detalle, Monto) values (3, 'Industrial', '$83.52');
insert into LineaFactura (Cantidad, Detalle, Monto) values (4, 'Baby', '$9.82');
insert into LineaFactura (Cantidad, Detalle, Monto) values (6, 'Kids', '$34.49');
insert into LineaFactura (Cantidad, Detalle, Monto) values (10, 'Music', '$48.49');
insert into LineaFactura (Cantidad, Detalle, Monto) values (3, 'Health', '$8.77');
insert into LineaFactura (Cantidad, Detalle, Monto) values (6, 'Garden', '$45.53');
insert into LineaFactura (Cantidad, Detalle, Monto) values (2, 'Games', '$49.14');
insert into LineaFactura (Cantidad, Detalle, Monto) values (4, 'Automotive', '$62.55');
insert into LineaFactura (Cantidad, Detalle, Monto) values (2, 'Electronics', '$88.82');
insert into LineaFactura (Cantidad, Detalle, Monto) values (9, 'Games', '$59.73');
insert into LineaFactura (Cantidad, Detalle, Monto) values (2, 'Grocery', '$51.82');
insert into LineaFactura (Cantidad, Detalle, Monto) values (3, 'Movies', '$34.13');
insert into LineaFactura (Cantidad, Detalle, Monto) values (5, 'Games', '$85.42');
insert into LineaFactura (Cantidad, Detalle, Monto) values (4, 'Health', '$36.32');

insert into Factura (fkLineaFactura, fkMetodoPago) values (3, 5);
insert into Factura (fkLineaFactura, fkMetodoPago) values (28, 5);
insert into Factura (fkLineaFactura, fkMetodoPago) values (1, 1);
insert into Factura (fkLineaFactura, fkMetodoPago) values (1, 3);
insert into Factura (fkLineaFactura, fkMetodoPago) values (41, 4);
insert into Factura (fkLineaFactura, fkMetodoPago) values (96, 2);
insert into Factura (fkLineaFactura, fkMetodoPago) values (5, 5);
insert into Factura (fkLineaFactura, fkMetodoPago) values (19, 4);
insert into Factura (fkLineaFactura, fkMetodoPago) values (72, 4);
insert into Factura (fkLineaFactura, fkMetodoPago) values (77, 3);
insert into Factura (fkLineaFactura, fkMetodoPago) values (55, 2);
insert into Factura (fkLineaFactura, fkMetodoPago) values (50, 5);
insert into Factura (fkLineaFactura, fkMetodoPago) values (25, 1);
insert into Factura (fkLineaFactura, fkMetodoPago) values (12, 2);
insert into Factura (fkLineaFactura, fkMetodoPago) values (76, 1);
insert into Factura (fkLineaFactura, fkMetodoPago) values (27, 4);
insert into Factura (fkLineaFactura, fkMetodoPago) values (84, 3);
insert into Factura (fkLineaFactura, fkMetodoPago) values (61, 5);
insert into Factura (fkLineaFactura, fkMetodoPago) values (80, 3);
insert into Factura (fkLineaFactura, fkMetodoPago) values (85, 1);
insert into Factura (fkLineaFactura, fkMetodoPago) values (94, 5);
insert into Factura (fkLineaFactura, fkMetodoPago) values (4, 5);
insert into Factura (fkLineaFactura, fkMetodoPago) values (28, 1);
insert into Factura (fkLineaFactura, fkMetodoPago) values (74, 2);
insert into Factura (fkLineaFactura, fkMetodoPago) values (93, 4);
insert into Factura (fkLineaFactura, fkMetodoPago) values (50, 4);
insert into Factura (fkLineaFactura, fkMetodoPago) values (1, 5);
insert into Factura (fkLineaFactura, fkMetodoPago) values (87, 1);
insert into Factura (fkLineaFactura, fkMetodoPago) values (35, 2);
insert into Factura (fkLineaFactura, fkMetodoPago) values (84, 4);
insert into Factura (fkLineaFactura, fkMetodoPago) values (93, 5);
insert into Factura (fkLineaFactura, fkMetodoPago) values (28, 4);
insert into Factura (fkLineaFactura, fkMetodoPago) values (83, 4);
insert into Factura (fkLineaFactura, fkMetodoPago) values (63, 2);
insert into Factura (fkLineaFactura, fkMetodoPago) values (35, 4);

insert into Compra (fkFactura, fkEstadoCompra, FechaCompra) values (1, 3, '2020-02-19 05:17:27');
insert into Compra (fkFactura, fkEstadoCompra, FechaCompra) values (18, 1, '2019-11-14 10:06:54');
insert into Compra (fkFactura, fkEstadoCompra, FechaCompra) values (3, 3, '2019-08-31 20:54:25');
insert into Compra (fkFactura, fkEstadoCompra, FechaCompra) values (4, 1, '2020-01-07 19:35:30');
insert into Compra (fkFactura, fkEstadoCompra, FechaCompra) values (5, 3, '2019-09-11 07:07:50');
insert into Compra (fkFactura, fkEstadoCompra, FechaCompra) values (6, 3, '2020-02-12 09:24:48');
insert into Compra (fkFactura, fkEstadoCompra, FechaCompra) values (7, 3, '2020-06-05 16:08:43');
insert into Compra (fkFactura, fkEstadoCompra, FechaCompra) values (8, 1, '2020-02-10 19:49:35');
insert into Compra (fkFactura, fkEstadoCompra, FechaCompra) values (9, 3, '2019-10-08 17:23:46');
insert into Compra (fkFactura, fkEstadoCompra, FechaCompra) values (10, 2, '2020-02-28 15:38:09');
insert into Compra (fkFactura, fkEstadoCompra, FechaCompra) values (11, 2, '2019-12-29 18:33:37');
insert into Compra (fkFactura, fkEstadoCompra, FechaCompra) values (12, 1, '2019-07-28 04:29:16');
insert into Compra (fkFactura, fkEstadoCompra, FechaCompra) values (13, 1, '2019-10-16 17:18:01');
insert into Compra (fkFactura, fkEstadoCompra, FechaCompra) values (14, 3, '2019-10-26 19:49:03');
insert into Compra (fkFactura, fkEstadoCompra, FechaCompra) values (15, 2, '2019-12-02 08:08:07');
insert into Compra (fkFactura, fkEstadoCompra, FechaCompra) values (16, 3, '2019-07-16 13:31:52');
insert into Compra (fkFactura, fkEstadoCompra, FechaCompra) values (17, 1, '2020-01-18 14:23:55');
insert into Compra (fkFactura, fkEstadoCompra, FechaCompra) values (18, 1, '2019-08-28 12:38:33');
insert into Compra (fkFactura, fkEstadoCompra, FechaCompra) values (19, 2, '2019-07-20 18:18:49');
insert into Compra (fkFactura, fkEstadoCompra, FechaCompra) values (20, 3, '2020-04-18 01:09:47');
insert into Compra (fkFactura, fkEstadoCompra, FechaCompra) values (21, 3, '2019-09-23 10:00:01');
insert into Compra (fkFactura, fkEstadoCompra, FechaCompra) values (22, 2, '2020-03-10 04:50:42');
insert into Compra (fkFactura, fkEstadoCompra, FechaCompra) values (23, 2, '2020-06-09 04:53:44');
insert into Compra (fkFactura, fkEstadoCompra, FechaCompra) values (24, 2, '2020-02-08 16:40:45');
insert into Compra (fkFactura, fkEstadoCompra, FechaCompra) values (25, 2, '2019-09-19 08:43:29');
insert into Compra (fkFactura, fkEstadoCompra, FechaCompra) values (26, 2, '2019-09-04 08:43:48');
insert into Compra (fkFactura, fkEstadoCompra, FechaCompra) values (27, 3, '2019-07-29 13:08:02');
insert into Compra (fkFactura, fkEstadoCompra, FechaCompra) values (28, 2, '2020-02-25 06:28:13');
insert into Compra (fkFactura, fkEstadoCompra, FechaCompra) values (29, 1, '2020-04-09 02:29:08');
insert into Compra (fkFactura, fkEstadoCompra, FechaCompra) values (30, 2, '2019-10-19 07:21:01');
insert into Compra (fkFactura, fkEstadoCompra, FechaCompra) values (31, 3, '2019-11-27 06:07:51');
insert into Compra (fkFactura, fkEstadoCompra, FechaCompra) values (32, 1, '2020-02-12 03:07:57');
insert into Compra (fkFactura, fkEstadoCompra, FechaCompra) values (33, 2, '2020-03-21 22:34:34');
insert into Compra (fkFactura, fkEstadoCompra, FechaCompra) values (34, 3, '2019-08-09 11:37:09');
insert into Compra (fkFactura, fkEstadoCompra, FechaCompra) values (35, 3, '2019-08-07 14:51:12');

insert into ComisionXCompra (fkEmpleado, fkCompra, Comision) values (18, 1, 1);
insert into ComisionXCompra (fkEmpleado, fkCompra, Comision) values (9, 2, 3);
insert into ComisionXCompra (fkEmpleado, fkCompra, Comision) values (6, 3, 10);
insert into ComisionXCompra (fkEmpleado, fkCompra, Comision) values (11, 4, 5);
insert into ComisionXCompra (fkEmpleado, fkCompra, Comision) values (1, 5, 10);
insert into ComisionXCompra (fkEmpleado, fkCompra, Comision) values (10, 6, 1);
insert into ComisionXCompra (fkEmpleado, fkCompra, Comision) values (16, 7, 5);
insert into ComisionXCompra (fkEmpleado, fkCompra, Comision) values (5, 8, 5);
insert into ComisionXCompra (fkEmpleado, fkCompra, Comision) values (5, 9, 10);
insert into ComisionXCompra (fkEmpleado, fkCompra, Comision) values (6, 10, 9);
insert into ComisionXCompra (fkEmpleado, fkCompra, Comision) values (15, 11, 9);
insert into ComisionXCompra (fkEmpleado, fkCompra, Comision) values (12, 12, 6);
insert into ComisionXCompra (fkEmpleado, fkCompra, Comision) values (16, 13, 2);
insert into ComisionXCompra (fkEmpleado, fkCompra, Comision) values (9, 14, 2);
insert into ComisionXCompra (fkEmpleado, fkCompra, Comision) values (3, 15, 9);
insert into ComisionXCompra (fkEmpleado, fkCompra, Comision) values (4, 16, 5);
insert into ComisionXCompra (fkEmpleado, fkCompra, Comision) values (20, 17, 2);
insert into ComisionXCompra (fkEmpleado, fkCompra, Comision) values (7, 18, 9);
insert into ComisionXCompra (fkEmpleado, fkCompra, Comision) values (6, 19, 3);
insert into ComisionXCompra (fkEmpleado, fkCompra, Comision) values (9, 20, 6);
insert into ComisionXCompra (fkEmpleado, fkCompra, Comision) values (17, 21, 10);
insert into ComisionXCompra (fkEmpleado, fkCompra, Comision) values (6, 22, 5);
insert into ComisionXCompra (fkEmpleado, fkCompra, Comision) values (13, 23, 2);
insert into ComisionXCompra (fkEmpleado, fkCompra, Comision) values (19, 24, 3);
insert into ComisionXCompra (fkEmpleado, fkCompra, Comision) values (11, 25, 2);
insert into ComisionXCompra (fkEmpleado, fkCompra, Comision) values (2, 26, 8);
insert into ComisionXCompra (fkEmpleado, fkCompra, Comision) values (10, 27, 1);
insert into ComisionXCompra (fkEmpleado, fkCompra, Comision) values (4, 28, 10);
insert into ComisionXCompra (fkEmpleado, fkCompra, Comision) values (9, 29, 6);
insert into ComisionXCompra (fkEmpleado, fkCompra, Comision) values (3, 30, 3);
insert into ComisionXCompra (fkEmpleado, fkCompra, Comision) values (2, 31, 6);
insert into ComisionXCompra (fkEmpleado, fkCompra, Comision) values (19, 32, 2);
insert into ComisionXCompra (fkEmpleado, fkCompra, Comision) values (14, 33, 9);
insert into ComisionXCompra (fkEmpleado, fkCompra, Comision) values (10, 34, 9);
insert into ComisionXCompra (fkEmpleado, fkCompra, Comision) values (16, 35, 7);

insert into EmpleadoXSucursal (pkEmpleadoXSucursal, fkEmpleado, fkSucursal) values (1, 1, 3);
insert into EmpleadoXSucursal (pkEmpleadoXSucursal, fkEmpleado, fkSucursal) values (2, 2, 2);
insert into EmpleadoXSucursal (pkEmpleadoXSucursal, fkEmpleado, fkSucursal) values (3, 3, 2);
insert into EmpleadoXSucursal (pkEmpleadoXSucursal, fkEmpleado, fkSucursal) values (4, 4, 1);
insert into EmpleadoXSucursal (pkEmpleadoXSucursal, fkEmpleado, fkSucursal) values (5, 5, 1);
insert into EmpleadoXSucursal (pkEmpleadoXSucursal, fkEmpleado, fkSucursal) values (6, 6, 2);
insert into EmpleadoXSucursal (pkEmpleadoXSucursal, fkEmpleado, fkSucursal) values (7, 7, 3);
insert into EmpleadoXSucursal (pkEmpleadoXSucursal, fkEmpleado, fkSucursal) values (8, 8, 3);
insert into EmpleadoXSucursal (pkEmpleadoXSucursal, fkEmpleado, fkSucursal) values (9, 9, 3);
insert into EmpleadoXSucursal (pkEmpleadoXSucursal, fkEmpleado, fkSucursal) values (10, 10, 2);
insert into EmpleadoXSucursal (pkEmpleadoXSucursal, fkEmpleado, fkSucursal) values (11, 11, 1);
insert into EmpleadoXSucursal (pkEmpleadoXSucursal, fkEmpleado, fkSucursal) values (12, 12, 2);
insert into EmpleadoXSucursal (pkEmpleadoXSucursal, fkEmpleado, fkSucursal) values (13, 13, 2);
insert into EmpleadoXSucursal (pkEmpleadoXSucursal, fkEmpleado, fkSucursal) values (14, 14, 1);
insert into EmpleadoXSucursal (pkEmpleadoXSucursal, fkEmpleado, fkSucursal) values (15, 15, 3);
insert into EmpleadoXSucursal (pkEmpleadoXSucursal, fkEmpleado, fkSucursal) values (16, 16, 2);
insert into EmpleadoXSucursal (pkEmpleadoXSucursal, fkEmpleado, fkSucursal) values (17, 17, 1);
insert into EmpleadoXSucursal (pkEmpleadoXSucursal, fkEmpleado, fkSucursal) values (18, 18, 1);
insert into EmpleadoXSucursal (pkEmpleadoXSucursal, fkEmpleado, fkSucursal) values (19, 19, 1);
insert into EmpleadoXSucursal (pkEmpleadoXSucursal, fkEmpleado, fkSucursal) values (20, 20, 2);


insert into ListaCompra (fkProducto, fkCompra, Cantidad) values (29, 1, 7);
insert into ListaCompra (fkProducto, fkCompra, Cantidad) values (15, 2, 9);
insert into ListaCompra (fkProducto, fkCompra, Cantidad) values (17, 3, 10);
insert into ListaCompra (fkProducto, fkCompra, Cantidad) values (20, 4, 5);
insert into ListaCompra (fkProducto, fkCompra, Cantidad) values (14, 5, 5);
insert into ListaCompra (fkProducto, fkCompra, Cantidad) values (39, 6, 5);
insert into ListaCompra (fkProducto, fkCompra, Cantidad) values (20, 7, 5);
insert into ListaCompra (fkProducto, fkCompra, Cantidad) values (25, 8, 3);
insert into ListaCompra (fkProducto, fkCompra, Cantidad) values (35, 9, 1);
insert into ListaCompra (fkProducto, fkCompra, Cantidad) values (3, 10, 8);
insert into ListaCompra (fkProducto, fkCompra, Cantidad) values (30, 11, 5);
insert into ListaCompra (fkProducto, fkCompra, Cantidad) values (14, 12, 2);
insert into ListaCompra (fkProducto, fkCompra, Cantidad) values (37, 13, 1);
insert into ListaCompra (fkProducto, fkCompra, Cantidad) values (28, 14, 4);
insert into ListaCompra (fkProducto, fkCompra, Cantidad) values (2, 15, 2);
insert into ListaCompra (fkProducto, fkCompra, Cantidad) values (24, 16, 3);
insert into ListaCompra (fkProducto, fkCompra, Cantidad) values (6, 17, 6);
insert into ListaCompra (fkProducto, fkCompra, Cantidad) values (13, 18, 2);
insert into ListaCompra (fkProducto, fkCompra, Cantidad) values (17, 19, 6);
insert into ListaCompra (fkProducto, fkCompra, Cantidad) values (32, 20, 8);
insert into ListaCompra (fkProducto, fkCompra, Cantidad) values (23, 21, 5);
insert into ListaCompra (fkProducto, fkCompra, Cantidad) values (4, 22, 7);
insert into ListaCompra (fkProducto, fkCompra, Cantidad) values (22, 23, 2);
insert into ListaCompra (fkProducto, fkCompra, Cantidad) values (9, 24, 3);
insert into ListaCompra (fkProducto, fkCompra, Cantidad) values (9, 25, 7);
insert into ListaCompra (fkProducto, fkCompra, Cantidad) values (28, 26, 5);
insert into ListaCompra (fkProducto, fkCompra, Cantidad) values (14, 27, 7);
insert into ListaCompra (fkProducto, fkCompra, Cantidad) values (4, 28, 3);
insert into ListaCompra (fkProducto, fkCompra, Cantidad) values (20, 29, 2);
insert into ListaCompra (fkProducto, fkCompra, Cantidad) values (27, 30, 6);
insert into ListaCompra (fkProducto, fkCompra, Cantidad) values (33, 31, 2);
insert into ListaCompra (fkProducto, fkCompra, Cantidad) values (29, 32, 10);
insert into ListaCompra (fkProducto, fkCompra, Cantidad) values (16, 33, 5);
insert into ListaCompra (fkProducto, fkCompra, Cantidad) values (35, 34, 6);
insert into ListaCompra (fkProducto, fkCompra, Cantidad) values (24, 35, 9);

insert into Stock (fkProducto, fkSucursal, Cantidad) values (1, 1, 13);
insert into Stock (fkProducto, fkSucursal, Cantidad) values (2, 1, 2);
insert into Stock (fkProducto, fkSucursal, Cantidad) values (3, 1, 14);
insert into Stock (fkProducto, fkSucursal, Cantidad) values (4, 1, 6);
insert into Stock (fkProducto, fkSucursal, Cantidad) values (5, 1, 12);
insert into Stock (fkProducto, fkSucursal, Cantidad) values (6, 1, 5);
insert into Stock (fkProducto, fkSucursal, Cantidad) values (7, 1, 7);
insert into Stock (fkProducto, fkSucursal, Cantidad) values (8, 1, 13);
insert into Stock (fkProducto, fkSucursal, Cantidad) values (9, 1, 20);
insert into Stock (fkProducto, fkSucursal, Cantidad) values (10, 1, 14);
insert into Stock (fkProducto, fkSucursal, Cantidad) values (11, 1, 11);
insert into Stock (fkProducto, fkSucursal, Cantidad) values (12, 1, 19);
insert into Stock (fkProducto, fkSucursal, Cantidad) values (13, 1, 3);
insert into Stock (fkProducto, fkSucursal, Cantidad) values (14, 1, 1);
insert into Stock (fkProducto, fkSucursal, Cantidad) values (15, 1, 5);
insert into Stock (fkProducto, fkSucursal, Cantidad) values (16, 1, 7);
insert into Stock (fkProducto, fkSucursal, Cantidad) values (17, 1, 11);
insert into Stock (fkProducto, fkSucursal, Cantidad) values (18, 1, 12);
insert into Stock (fkProducto, fkSucursal, Cantidad) values (19, 1, 6);
insert into Stock (fkProducto, fkSucursal, Cantidad) values (20, 1, 7);
insert into Stock (fkProducto, fkSucursal, Cantidad) values (21, 1, 18);
insert into Stock (fkProducto, fkSucursal, Cantidad) values (22, 1, 9);
insert into Stock (fkProducto, fkSucursal, Cantidad) values (23, 1, 4);
insert into Stock (fkProducto, fkSucursal, Cantidad) values (24, 1, 19);
insert into Stock (fkProducto, fkSucursal, Cantidad) values (25, 1, 4);
insert into Stock (fkProducto, fkSucursal, Cantidad) values (26, 1, 13);
insert into Stock (fkProducto, fkSucursal, Cantidad) values (27, 1, 11);
insert into Stock (fkProducto, fkSucursal, Cantidad) values (28, 1, 13);
insert into Stock (fkProducto, fkSucursal, Cantidad) values (29, 1, 2);
insert into Stock (fkProducto, fkSucursal, Cantidad) values (30, 1, 17);
insert into Stock (fkProducto, fkSucursal, Cantidad) values (31, 1, 2);
insert into Stock (fkProducto, fkSucursal, Cantidad) values (32, 1, 9);
insert into Stock (fkProducto, fkSucursal, Cantidad) values (33, 1, 5);
insert into Stock (fkProducto, fkSucursal, Cantidad) values (34, 1, 5);
insert into Stock (fkProducto, fkSucursal, Cantidad) values (35, 1, 11);
insert into Stock (fkProducto, fkSucursal, Cantidad) values (36, 1, 3);
insert into Stock (fkProducto, fkSucursal, Cantidad) values (37, 1, 16);
insert into Stock (fkProducto, fkSucursal, Cantidad) values (38, 1, 9);
insert into Stock (fkProducto, fkSucursal, Cantidad) values (39, 1, 1);
insert into Stock (fkProducto, fkSucursal, Cantidad) values (1, 2, 18);
insert into Stock (fkProducto, fkSucursal, Cantidad) values (2, 2, 17);
insert into Stock (fkProducto, fkSucursal, Cantidad) values (3, 2, 15);
insert into Stock (fkProducto, fkSucursal, Cantidad) values (4, 2, 10);
insert into Stock (fkProducto, fkSucursal, Cantidad) values (5, 2, 5);
insert into Stock (fkProducto, fkSucursal, Cantidad) values (6, 2, 7);
insert into Stock (fkProducto, fkSucursal, Cantidad) values (7, 2, 19);
insert into Stock (fkProducto, fkSucursal, Cantidad) values (8, 2, 20);
insert into Stock (fkProducto, fkSucursal, Cantidad) values (9, 2, 8);
insert into Stock (fkProducto, fkSucursal, Cantidad) values (10, 2, 6);
insert into Stock (fkProducto, fkSucursal, Cantidad) values (11, 2, 15);
insert into Stock (fkProducto, fkSucursal, Cantidad) values (12, 2, 16);
insert into Stock (fkProducto, fkSucursal, Cantidad) values (13, 2, 1);
insert into Stock (fkProducto, fkSucursal, Cantidad) values (14, 2, 14);
insert into Stock (fkProducto, fkSucursal, Cantidad) values (15, 2, 11);
insert into Stock (fkProducto, fkSucursal, Cantidad) values (16, 2, 1);
insert into Stock (fkProducto, fkSucursal, Cantidad) values (17, 2, 18);
insert into Stock (fkProducto, fkSucursal, Cantidad) values (18, 2, 11);
insert into Stock (fkProducto, fkSucursal, Cantidad) values (19, 2, 9);
insert into Stock (fkProducto, fkSucursal, Cantidad) values (20, 2, 3);
insert into Stock (fkProducto, fkSucursal, Cantidad) values (21, 2, 19);
insert into Stock (fkProducto, fkSucursal, Cantidad) values (22, 2, 9);
insert into Stock (fkProducto, fkSucursal, Cantidad) values (23, 2, 20);
insert into Stock (fkProducto, fkSucursal, Cantidad) values (24, 2, 12);
insert into Stock (fkProducto, fkSucursal, Cantidad) values (25, 2, 12);
insert into Stock (fkProducto, fkSucursal, Cantidad) values (26, 2, 5);
insert into Stock (fkProducto, fkSucursal, Cantidad) values (27, 2, 19);
insert into Stock (fkProducto, fkSucursal, Cantidad) values (28, 2, 6);
insert into Stock (fkProducto, fkSucursal, Cantidad) values (29, 2, 8);
insert into Stock (fkProducto, fkSucursal, Cantidad) values (30, 2, 2);
insert into Stock (fkProducto, fkSucursal, Cantidad) values (31, 2, 6);
insert into Stock (fkProducto, fkSucursal, Cantidad) values (32, 2, 3);
insert into Stock (fkProducto, fkSucursal, Cantidad) values (33, 2, 11);
insert into Stock (fkProducto, fkSucursal, Cantidad) values (34, 2, 13);
insert into Stock (fkProducto, fkSucursal, Cantidad) values (35, 2, 19);
insert into Stock (fkProducto, fkSucursal, Cantidad) values (36, 2, 12);
insert into Stock (fkProducto, fkSucursal, Cantidad) values (37, 2, 3);
insert into Stock (fkProducto, fkSucursal, Cantidad) values (38, 2, 6);
insert into Stock (fkProducto, fkSucursal, Cantidad) values (39, 2, 18);
insert into Stock (fkProducto, fkSucursal, Cantidad) values (1, 3, 3);
insert into Stock (fkProducto, fkSucursal, Cantidad) values (2, 3, 3);
insert into Stock (fkProducto, fkSucursal, Cantidad) values (3, 3, 5);
insert into Stock (fkProducto, fkSucursal, Cantidad) values (4, 3, 1);
insert into Stock (fkProducto, fkSucursal, Cantidad) values (5, 3, 4);
insert into Stock (fkProducto, fkSucursal, Cantidad) values (6, 3, 17);
insert into Stock (fkProducto, fkSucursal, Cantidad) values (7, 3, 15);
insert into Stock (fkProducto, fkSucursal, Cantidad) values (8, 3, 4);
insert into Stock (fkProducto, fkSucursal, Cantidad) values (9, 3, 13);
insert into Stock (fkProducto, fkSucursal, Cantidad) values (10, 3, 14);
insert into Stock (fkProducto, fkSucursal, Cantidad) values (11, 3, 13);
insert into Stock (fkProducto, fkSucursal, Cantidad) values (12, 3, 3);
insert into Stock (fkProducto, fkSucursal, Cantidad) values (13, 3, 6);
insert into Stock (fkProducto, fkSucursal, Cantidad) values (14, 3, 9);
insert into Stock (fkProducto, fkSucursal, Cantidad) values (15, 3, 14);
insert into Stock (fkProducto, fkSucursal, Cantidad) values (16, 3, 7);
insert into Stock (fkProducto, fkSucursal, Cantidad) values (17, 3, 4);
insert into Stock (fkProducto, fkSucursal, Cantidad) values (18, 3, 15);
insert into Stock (fkProducto, fkSucursal, Cantidad) values (19, 3, 16);
insert into Stock (fkProducto, fkSucursal, Cantidad) values (20, 3, 8);
insert into Stock (fkProducto, fkSucursal, Cantidad) values (21, 3, 5);
insert into Stock (fkProducto, fkSucursal, Cantidad) values (22, 3, 8);
insert into Stock (fkProducto, fkSucursal, Cantidad) values (23, 3, 14);
insert into Stock (fkProducto, fkSucursal, Cantidad) values (24, 3, 18);
insert into Stock (fkProducto, fkSucursal, Cantidad) values (25, 3, 20);
insert into Stock (fkProducto, fkSucursal, Cantidad) values (26, 3, 20);
insert into Stock (fkProducto, fkSucursal, Cantidad) values (27, 3, 6);
insert into Stock (fkProducto, fkSucursal, Cantidad) values (28, 3, 14);
insert into Stock (fkProducto, fkSucursal, Cantidad) values (29, 3, 20);
insert into Stock (fkProducto, fkSucursal, Cantidad) values (30, 3, 6);
insert into Stock (fkProducto, fkSucursal, Cantidad) values (31, 3, 1);
insert into Stock (fkProducto, fkSucursal, Cantidad) values (32, 3, 1);
insert into Stock (fkProducto, fkSucursal, Cantidad) values (33, 3, 4);
insert into Stock (fkProducto, fkSucursal, Cantidad) values (34, 3, 13);
insert into Stock (fkProducto, fkSucursal, Cantidad) values (35, 3, 2);
insert into Stock (fkProducto, fkSucursal, Cantidad) values (36, 3, 15);
insert into Stock (fkProducto, fkSucursal, Cantidad) values (37, 3, 17);
insert into Stock (fkProducto, fkSucursal, Cantidad) values (38, 3, 17);
insert into Stock (fkProducto, fkSucursal, Cantidad) values (39, 3, 5);

insert into Entrega (fkSucursal, fkCompra, fkCliente, Monto) values (1, 10, 6, '$426.03');
insert into Entrega (fkSucursal, fkCompra, fkCliente, Monto) values (1, 1, 2, '$472.45');
insert into Entrega (fkSucursal, fkCompra, fkCliente, Monto) values (3, 14, 8, '$62.61');
insert into Entrega (fkSucursal, fkCompra, fkCliente, Monto) values (1, 35, 10, '$327.31');
insert into Entrega (fkSucursal, fkCompra, fkCliente, Monto) values (2, 3, 5, '$194.06');
insert into Entrega (fkSucursal, fkCompra, fkCliente, Monto) values (3, 33, 4, '$242.92');
insert into Entrega (fkSucursal, fkCompra, fkCliente, Monto) values (1, 11, 3, '$89.52');
insert into Entrega (fkSucursal, fkCompra, fkCliente, Monto) values (3, 20, 9, '$433.96');
insert into Entrega (fkSucursal, fkCompra, fkCliente, Monto) values (3, 27, 8, '$461.62');
insert into Entrega (fkSucursal, fkCompra, fkCliente, Monto) values (1, 28, 1, '$285.21');

insert into EvaluacionCompra (fkCompra, EvaluacionServicio, EvaluacionProducto, EvaluacionEntrega, Comentario) values (1, 3, 6, 8, 'Excision of nipple');
insert into EvaluacionCompra (fkCompra, EvaluacionServicio, EvaluacionProducto, EvaluacionEntrega, Comentario) values (2, 2, 1, 3, 'Clo endosc bx bile duct');
insert into EvaluacionCompra (fkCompra, EvaluacionServicio, EvaluacionProducto, EvaluacionEntrega, Comentario) values (3, 10, 3, 9, 'Transab sm bowel endosc');
insert into EvaluacionCompra (fkCompra, EvaluacionServicio, EvaluacionProducto, EvaluacionEntrega, Comentario) values (4, 1, 8, 3, 'Selective vagotomy NEC');
insert into EvaluacionCompra (fkCompra, EvaluacionServicio, EvaluacionProducto, EvaluacionEntrega, Comentario) values (5, 3, 3, 10, 'Destruct larynx les NEC');
insert into EvaluacionCompra (fkCompra, EvaluacionServicio, EvaluacionProducto, EvaluacionEntrega, Comentario) values (6, 10, 3, 10, 'Shoulder arthroplast NEC');
insert into EvaluacionCompra (fkCompra, EvaluacionServicio, EvaluacionProducto, EvaluacionEntrega, Comentario) values (7, 2, 7, 10, 'Lengthen 1 extraoc musc');
insert into EvaluacionCompra (fkCompra, EvaluacionServicio, EvaluacionProducto, EvaluacionEntrega, Comentario) values (8, 9, 8, 5, 'Nasal dx proc NEC');
insert into EvaluacionCompra (fkCompra, EvaluacionServicio, EvaluacionProducto, EvaluacionEntrega, Comentario) values (9, 9, 2, 4, 'Metacarp/carp sequestrec');
insert into EvaluacionCompra (fkCompra, EvaluacionServicio, EvaluacionProducto, EvaluacionEntrega, Comentario) values (10, 6, 7, 7, 'Bil fem hern repair NEC');
insert into EvaluacionCompra (fkCompra, EvaluacionServicio, EvaluacionProducto, EvaluacionEntrega, Comentario) values (11, 3, 6, 8, 'Breast split-thick graft');
insert into EvaluacionCompra (fkCompra, EvaluacionServicio, EvaluacionProducto, EvaluacionEntrega, Comentario) values (12, 7, 8, 5, 'Myotomy of sigmoid colon');
insert into EvaluacionCompra (fkCompra, EvaluacionServicio, EvaluacionProducto, EvaluacionEntrega, Comentario) values (13, 4, 8, 6, 'Opn/oth repl tcspd valve');
insert into EvaluacionCompra (fkCompra, EvaluacionServicio, EvaluacionProducto, EvaluacionEntrega, Comentario) values (14, 9, 6, 10, 'Injection into joint');
insert into EvaluacionCompra (fkCompra, EvaluacionServicio, EvaluacionProducto, EvaluacionEntrega, Comentario) values (15, 10, 7, 5, 'Thoracic spine x-ray NEC');
insert into EvaluacionCompra (fkCompra, EvaluacionServicio, EvaluacionProducto, EvaluacionEntrega, Comentario) values (16, 9, 6, 10, 'Endosc retro cholangiopa');
insert into EvaluacionCompra (fkCompra, EvaluacionServicio, EvaluacionProducto, EvaluacionEntrega, Comentario) values (17, 2, 4, 6, 'Keratomileusis');
insert into EvaluacionCompra (fkCompra, EvaluacionServicio, EvaluacionProducto, EvaluacionEntrega, Comentario) values (18, 10, 4, 2, 'Oth dx proced-humerus');
insert into EvaluacionCompra (fkCompra, EvaluacionServicio, EvaluacionProducto, EvaluacionEntrega, Comentario) values (19, 5, 4, 4, 'Abdperneal resc rect NEC');
insert into EvaluacionCompra (fkCompra, EvaluacionServicio, EvaluacionProducto, EvaluacionEntrega, Comentario) values (20, 3, 10, 6, 'Unilat exten simp mastec');